Signal 1,Signal 2
3.769561962945772171e-01,-9.759623443032465762e-01
-7.582614620577080577e-01,-9.372960970987218587e-01
-4.774588654725487324e-01,-4.349623916005714852e-01
-1.129982906727839076e+00,2.332904843144514295e+00
5.641330647341088467e-01,-1.139488807746423360e+00
8.706363760682754860e-01,-1.493323569272622109e+00
8.490885619699551912e-01,-9.729538999806865984e-01
9.411831529223985138e-01,2.634125367464992262e-01
-2.267035687495835006e-01,4.149239778753067154e-01
-1.780832953408080011e+00,-1.356507260146534666e+00
8.833221688915013914e-01,6.590812184737806501e-01
-1.360291999410186525e+00,1.733375416330210417e+00
1.424615143795066874e-01,1.886214575178233099e+00
-5.465273609146352740e-01,-1.121365125390572981e+00
7.608751312111888820e-01,-1.214379260720184650e+00
2.761262413795349535e-01,7.055046767565800181e-01
5.134948927987893486e-01,1.291311899177219669e+00
6.182874070829539326e-01,5.087896898996970840e-01
1.139612059957607837e+00,-5.812107915673832004e-01
1.679914797722995845e-01,1.095182213897925028e+00
-2.819910414938187060e-01,1.570721318354138418e+00
2.437618015841415409e-01,3.262177026344938169e-02
-1.091403316279631275e+00,-1.225055402419219730e+00
1.392698144038025054e+00,-1.802265550199632915e-01
-9.847983458520825906e-01,1.520864035556551697e-01
9.129632319314539002e-01,1.888148482346049262e+00
6.740334036159822961e-01,-1.566745072162117336e-01
-6.925817982674850048e-01,7.697793059462818555e-01
1.023539308740103015e+00,2.022154379603597063e-01
-1.335860828788028309e-01,-7.037222624636183532e-01
1.357563781080850296e+00,1.712559656564061061e-01
1.510974875320895805e+00,1.066890456465392711e+00
-2.854741712045661961e-01,1.789251504933655257e+00
1.794574033882041508e-01,1.347173774445165506e+00
6.363774378266169318e-01,-6.705362887114927339e-01
1.146148244010222639e+00,-3.261666521663877383e-01
1.390345484238997287e-01,6.400530767631031903e-01
2.368898093838122332e+00,7.694329540449418303e-01
5.294044868249365710e-01,-8.503856267314258144e-01
-9.403346379422502510e-01,1.268024741396833521e+00
-7.525041918704782340e-01,-9.019143744272017926e-01
-4.070398309110023760e-01,-3.713485150374146726e-01
1.200157013993027100e+00,2.570284469884449585e-01
-8.880087900561068892e-01,5.679515231232610262e-01
-1.474137326006948578e+00,-5.673427171188536455e-01
-8.087980060475140620e-01,1.582911192412388424e+00
-5.458954361897080249e-02,-2.283261823669194612e+00
-1.218120791283232585e+00,-1.588678832826645682e+00
-5.882681341802905584e-01,-5.342046695584081739e-01
-1.300757125062083075e+00,6.200374333155675988e-01
6.541493867833307607e-02,-9.139443931590816028e-01
4.475294373151433164e-02,1.528363693512072130e+00
-1.544338054833410689e-01,2.317449979637350166e-01
-3.600335508845751153e-01,-4.425828964502876439e-01
1.428688760742398145e+00,1.655656527261163136e-01
4.003745330183290929e-01,-5.584458991050110510e-02
2.259627721477630580e+00,1.176743783636481577e+00
-3.782033515436439286e-01,-1.123247020721592770e+00
8.487879675430896054e-01,1.272071634668721529e+00
-1.247055226449290455e+00,1.148784689179119939e-01
-7.209371385294864876e-01,-4.031418088941188804e-01
2.428607998847686911e-01,1.299165871140211648e+00
1.750606247912027458e+00,9.533951703661345256e-01
7.245136992202646509e-01,-6.125320834997114439e-01
6.521938248976231201e-01,1.651562848116876259e+00
5.384309088933565413e-01,-7.241036789318859856e-01
-7.107293936188752159e-01,1.503098586460459574e+00
1.286651099632434736e+00,5.423983804645255979e-01
1.220922356340829351e+00,9.232809979897036445e-01
4.263056581029471270e-01,-2.423780055472112283e-01
-1.744455609843198196e-01,3.172392044111230214e-01
-3.608766777819371607e-01,3.242528378095015096e-02
1.656257409324968677e+00,1.845531195715491402e+00
3.722854912095510671e-01,8.985363570485491724e-01
-1.736590301268539971e+00,-2.888792586941421048e-01
8.938464422638758844e-01,-1.897507509304589446e+00
-2.003054877101684728e+00,2.396391093544978368e+00
-1.745316348958188823e-01,-1.789348374218026061e+00
-1.514312783136883667e+00,1.845175989804805017e+00
-1.457185295516795653e+00,4.099969462921231739e-02
-5.628954043126928042e-01,-1.611882376913874815e+00
2.992028292282401747e+00,-7.986640919935081850e-01
-6.912831975206530366e-01,-7.789892165466727469e-02
-1.044199326152666085e+00,1.303301562654788845e-02
-2.686581968800938913e+00,-1.157002668001409385e+00
-8.626186329164774458e-01,1.184856341612770869e+00
5.334858943918334706e-01,-7.211585811470015983e-01
3.186737829435307701e-01,1.666087534659489222e+00
-7.212112475397711719e-01,-7.295747347204670774e-01
-1.141677513748317607e-01,-1.456827768507064358e-01
6.741358537157279285e-01,5.511624458884023525e-01
1.476873216021318824e-01,-8.452596838477568486e-01
6.186986102141375232e-01,-4.290095794694894216e-01
-4.318700599823367958e-01,-8.959475914459498203e-01
6.986188752407772595e-01,1.466091606989251783e+00
6.759677746920438324e-01,1.704134182763434036e-01
-4.954027617341337786e-01,6.477608631913382986e-01
-1.889996159293630962e-01,2.174248653881974691e-01
1.235329859924307189e-01,5.309179307810205639e-01
-3.728558098557446798e-01,6.446603532064235087e-03
-1.155972960444099501e-02,-2.503407040550667428e+00
-7.366460681564874768e-01,-1.100929876100838589e+00
-1.850044302676966623e+00,6.227958855158863827e-01
1.365774261760542396e+00,-1.729606608547083368e+00
2.271778477726917600e-01,-3.320572231530830032e-01
-1.075022744188556256e+00,1.061682932354328646e+00
8.337666898463838572e-03,1.998613062344414271e-01
-8.803215454374671012e-01,3.775710205631376826e-01
-1.313199091513548855e-01,7.155415209019100331e-01
-2.092813126399599266e+00,-9.007877048528492026e-01
-8.509512649219198588e-01,-5.279939228658026007e-01
3.620609533895882692e-01,-1.448254074695217275e+00
1.303675753274852411e+00,-1.091973352670937203e+00
-5.482172245109429021e-01,6.093290312810428766e-01
-3.064724410875276778e-02,-1.455033826794416840e-01
-2.493526373485506209e+00,1.179611691220037173e-01
-3.730251560176543468e-01,5.902145150116357153e-02
-8.622097103474404278e-01,7.275348439305331372e-01
4.025916803254966925e-01,-7.293305976078514608e-01
1.446972786835837077e+00,1.571527990622887394e+00
-4.229808652411427006e-01,-5.003845230997586158e-02
1.551856022340357688e+00,-2.138473950118700839e-01
-1.054682716243859009e+00,5.099469168058226032e-01
7.006035408302302425e-01,-6.237572130239541490e-01
2.007230598044055458e+00,-1.123615678885410973e-01
1.087473089020836614e+00,8.614437450383503059e-01
-5.146979813181346008e-01,-1.298917722982240619e+00
4.554910923558179170e-01,3.740477063885322973e-01
1.143839096960208135e+00,-5.830471102280680995e-01
-1.636352474925659162e-01,1.212424368645359740e+00
-1.729402954270304049e-01,6.641009767827092958e-01
-7.748550624846861634e-01,1.762603171251916789e+00
-2.781896972548447144e-01,-5.152752547815453443e-01
-6.498261127895524902e-01,-9.710141935481071407e-01
2.826186223377358253e-01,3.245533725948405168e-01
5.142336715934182206e-02,-8.948630890123026038e-01
-1.612604985423608417e+00,2.144261790786268662e+00
-2.171918395730693785e+00,6.662570985101352594e-01
-2.887195977090374899e-01,1.143964881097369490e+00
1.786923313879364150e-01,9.145817671421896389e-01
-1.026662323003352695e+00,-4.541531664667377011e-01
7.267999791662361764e-01,1.365484646868252661e+00
-6.126524796592097699e-01,-1.491914909718476068e+00
-6.704151901535876368e-01,-4.259079180559667277e-01
9.726663599292004747e-01,1.010407971762162099e-01
-2.775807875390104984e-01,-4.139947989930463645e-01
1.270394988866612618e+00,5.122521635471956047e-01
1.814192181501421031e+00,6.055432188998211007e-01
-4.466274903668091545e-01,7.445340178861250546e-01
2.355763480145810274e+00,3.410313022773615171e-02
-7.490682821124482471e-01,1.508044828067919729e+00
-1.261602163611218907e+00,1.442129164747729397e-01
1.901689274334965318e-01,-1.370653111076187425e-01
-8.427242587487561443e-02,1.348006265011416405e+00
2.526554669897594252e+00,-3.655243076800598900e-01
-7.063714937511235137e-01,9.054826910613700264e-01
7.623089060472708622e-01,-6.889042381877059640e-01
5.799458822972857197e-01,1.504321346661195768e+00
-1.123789812550015865e+00,-1.051110523040634348e+00
2.099943196062757367e-01,-9.755607933777799001e-01
3.260008237307199241e-01,1.706877154781344386e+00
2.233150354410141425e+00,-1.309931705581174999e+00
-1.413932491490268006e+00,-1.072822406357418101e+00
6.114160392035022928e-01,-1.313574434462801532e+00
1.124896448567532570e+00,1.530000799235960107e+00
-5.890319749196164523e-01,-1.810078845436679518e-01
-2.192888254284228178e-01,-9.883684789641768997e-01
-2.531990194120282145e-01,-9.757276804026615569e-01
6.330368392424058355e-01,-1.609690299514327516e-01
-3.876493067274724980e-01,-8.411840168928874650e-01
-2.004674889232059609e+00,-6.590015817003955778e-01
-1.563982318086011569e-01,6.334687811048957951e-01
-2.210684929890514017e+00,1.192695999911007054e-01
4.527669447175367567e-01,1.085427322535113204e+00
2.215327850460014902e-01,1.595388740916217629e-01
-4.508114244782618907e-01,6.484708626378230534e-01
-1.523830128465026634e+00,-8.624922813806343846e-01
8.740459209342154034e-01,1.745407180723550500e+00
6.312195124003991409e-02,-9.235677116051344004e-01
1.275734473377203804e+00,3.813375088201061414e-01
-1.137021519196478536e+00,-7.859224501538344398e-01
1.498248721761550328e-01,3.471043399277057850e-01
-1.119300488599830334e+00,-1.821359842952693819e+00
-1.787653603129317759e-01,7.883890818536387624e-01
-2.137371474491703172e+00,2.253516637088490704e+00
-4.990373297934277419e-01,2.013911051113630890e+00
1.649785974683006362e+00,3.358515809271017116e-01
-1.523063639898132982e+00,-5.310943947508252327e-02
-1.576008003613049491e+00,-1.788562064081500314e+00
9.642501924055369988e-01,2.943970103073466071e-01
1.996473623147384524e-01,3.198816862540470041e-01
-2.395532178943523827e-01,-5.301292178322338788e-01
2.565897021149727397e+00,6.725887919927178160e-01
-1.621287657622978218e+00,-1.692930231077367287e+00
1.671768095969403012e+00,-4.958848386557422327e-01
1.439266985367954721e+00,7.414920055037150792e-01
-5.607148978646634419e-01,-1.863936544866481082e+00
6.575399371109792446e-01,1.653095383165061660e+00
-9.023341613016826468e-01,-7.686623095140134865e-01
1.838583082030724292e+00,-7.824458142538279759e-01
-6.714654545194713720e-01,1.244940019449824575e+00
8.657270579784690501e-01,3.029070778243208473e+00
-7.212831616550184899e-01,4.321161623741184843e-01
-5.603124252923441517e-01,-9.693422132181239714e-01
6.574286771278626818e-01,-6.002037145277656638e-01
-9.590931187957389970e-01,5.882467697671116547e-01
1.080086253047550349e+00,3.911953456985720057e-01
2.017590919556925044e+00,-8.220636880930820567e-02
2.542358264239239052e+00,2.348992042696889992e+00
2.293857570758705555e-01,-1.398146267217164340e-01
2.986406606264030428e-01,-4.608208357155674229e-01
-1.388321730872239534e+00,5.462944848949040644e-01
4.019794412529065775e-01,1.399724838740206978e-01
1.000411251008247682e+00,-1.295147555460004207e-01
-2.843163731115547210e-01,6.257537698211126376e-01
4.665122515526582414e-01,-1.257539659000503351e-01
3.013800316384804834e-01,1.659929122450456984e-01
1.070912702083371082e+00,6.753342313190526802e-01
1.237704702428973347e+00,6.922889502950617668e-01
-1.150376785793723045e+00,-8.642174066240539132e-02
2.385342572259162297e-01,5.683798230561283304e-01
5.622456801078585809e-01,-4.429147963817517408e-02
-1.778278100109273563e+00,1.303799981805059127e-01
6.346792361860348342e-01,1.784657006986237526e+00
1.724129381114561044e+00,-6.857151159147940600e-01
-1.313717760228090281e+00,-1.786661933315043804e-01
-5.668230461340657139e-02,6.379351426746273646e-01
-6.512959520007864933e-01,2.527652234619262583e-01
-1.184179279079797364e+00,-6.958466862251817542e-01
3.559779584883036030e-01,-8.669471836327800052e-01
5.529786694559972737e-01,8.478492783718758474e-01
5.098558697442261423e-01,-1.823199849022820285e+00
-2.828030703717787198e+00,-1.453793548192185092e+00
-3.219675740273382214e-01,-1.239560071599432878e-01
-1.562716712810299002e+00,2.238039994936624755e+00
5.111174142424549371e-01,-2.815730689650400992e-02
-3.021513638631716514e-01,-2.561986716168977996e-01
-2.348680010255632389e-01,-8.401738170945216577e-02
-2.542487629549764483e-01,-4.598898263482359416e-01
-1.166890355192127693e+00,6.341513498836153229e-01
-1.237735510263149319e+00,-4.687396208271785158e-03
1.038180199214150390e-01,-4.713099942356116512e-01
6.804388819377393816e-01,2.618241935685803767e+00
5.204719031188491662e-01,9.248400412798523096e-01
7.379663687868617261e-01,-3.628936909730798299e-02
-1.007633523899299943e+00,9.355127411178475183e-02
-2.864522255088084446e-01,1.926195423446576571e+00
-5.558730773473510300e-01,-4.973594423752447091e-01
1.924072179766117552e+00,-2.709005112897625578e-01
1.583605925331609043e+00,2.217845263236835063e-01
1.228126849597097614e+00,-3.559311138125458296e-01
-4.012614093546906235e-01,-1.267542154206124039e+00
-1.042200336892396217e+00,8.415431629419021231e-01
5.086956337557072549e-01,1.097554848815229245e-01
-6.261385106447975302e-01,5.545690351135503793e-01
-4.642434556942960922e-01,9.335126684411598763e-01
2.756632100535984620e+00,4.674264193123592315e-01
-8.173733480588960543e-01,-3.685731816847983011e-01
2.648744880162088311e-01,7.635222638548286866e-01
-3.869922776654633467e-01,4.380064135996463714e-01
-8.170147304074500960e-01,-4.351631806599363939e-02
-1.569844486076332535e+00,2.094087817943003083e-01
-1.306784993353190982e+00,7.431775938624247679e-01
3.630575271979180618e-02,-2.179911466716479840e-01
-2.243696857036975079e+00,2.904874566524388579e-01
1.620393076335137350e-01,-9.612742932976190424e-01
-7.543776745731469724e-01,6.946148917486041907e-02
-7.817493719643535677e-01,-1.430045556970423876e-02
1.099590532559391542e+00,-7.917469965910568508e-01
9.473876568688355260e-01,1.235974085740191714e-01
-5.006288281639326154e-01,-7.756569442150493821e-01
9.117528909460421715e-01,1.413186260305780095e+00
3.424283858311504836e-01,-8.095253285157912870e-01
1.415999419199247544e+00,-8.886001476547760181e-01
-1.071272138651047978e+00,5.815386646200328968e-01
6.291239113946561767e-02,-1.471269334802350615e-01
1.320322989370462885e+00,-4.500866623607379657e-01
-3.062036770491329274e-01,1.332616771391101462e+00
2.042598181814513636e-01,-5.827847332724309659e-01
-2.873725486177443056e-01,7.183666582027337100e-01
-9.538608663455239167e-02,-1.127104322938551118e+00
4.591741246169169788e-01,-4.140374465958437944e-02
-1.509278278954013119e+00,-1.153430300177283430e+00
6.873310352177608440e-01,1.003958651160562265e+00
2.207217394512208664e+00,1.913495006581453772e+00
-7.185637545829930417e-01,-2.283895106829285093e-01
6.024299685884466626e-01,1.494691486155415916e+00
-1.287360174656356104e+00,8.522207225764943939e-02
-6.896758806487583715e-02,-2.816477534207433298e-01
-1.307827983677129768e-01,9.417797900727067351e-01
-7.378436469064518777e-01,1.028830413620418494e+00
-1.567427967496147767e+00,1.419300370249581000e+00
1.401610282538461538e+00,-2.265216811870212066e+00
1.319571090809027736e-01,3.720335376695808605e-01
7.398553945353263106e-02,-1.212295132366716655e-01
-7.733864498392445386e-01,-8.613008534198252075e-01
6.259371880531423571e-01,-1.350077794883111915e-01
1.496428055061563567e-01,2.219107470763103940e-01
1.053955483307145835e+00,1.338527670485190280e+00
1.848046006005710451e+00,1.510358565944752929e+00
-3.318958729085298431e-01,2.622365939519201716e-01
1.335001946745940637e+00,-1.051950828993234888e+00
6.618543309102624672e-01,-1.079452051860952944e+00
9.595136134068166234e-01,-2.986678202454783326e-01
-1.677386406572883626e+00,-8.162624510077467477e-01
5.173779212584981302e-01,5.582226340586793345e-01
9.714699828059421005e-01,7.622779352487982774e-01
-1.439890865357112137e-01,1.110221656906718257e+00
-1.698880848194371518e-01,-1.409986397741840092e+00
-6.756134027730307245e-01,-1.785621980028523792e+00
-1.144013687731048751e-01,2.913862288836497894e-01
1.119398829169268028e+00,-6.636153684338608194e-01
-4.693455766989926836e-01,-1.120009867597307140e+00
-1.282685837242545923e-01,1.098324697671220873e+00
-1.715432359269596807e+00,6.169638691063068087e-02
-9.308231215257076752e-01,5.668282448038119981e-01
-1.324415703772596764e-01,-3.758647851457471711e-01
1.510866653060732867e-01,-8.826859576365262416e-01
-2.106379362221623364e+00,-1.809954521142206896e-01
-5.483655485754646008e-01,-1.652274182196504237e-01
4.895373901501039460e-01,-7.113178635580932330e-01
1.500876107086630273e-01,-2.347441703176516431e-02
1.182023952666730465e-01,9.655995329802113947e-01
-5.040158363611470932e-02,-1.535073046400342367e+00
3.229375494596523066e-02,-1.379110888248307853e+00
1.072820001133182322e+00,-1.666126324948841858e-02
-9.950162742656264436e-01,2.767830545359835082e-01
4.787362421448608796e-01,-1.872303625155082640e+00
1.649682036361361515e-01,2.991057880972977645e-01
-1.247129007023398906e+00,-7.182992901898581639e-01
2.139939520093856948e-02,-7.810668905422635255e-02
-6.539917159326776031e-02,-4.580680052255670653e-01
-1.258422040739373582e+00,4.427253218157834597e-02
1.239662516731143249e+00,-1.045918154162298053e-01
3.278569856727470699e-01,-1.921242929827887469e+00
-1.601154103940169326e+00,7.010636368360863013e-01
2.213326527482545991e+00,1.238584391184354372e+00
-1.452640729782688878e+00,-3.288605303389331991e-01
-9.166608392351053292e-01,-2.350474239385511144e+00
3.759960123991519798e-01,-1.592938162361675625e+00
4.898300985691529941e-01,-1.055813272018429450e+00
-1.140977004304269737e+00,1.829657034078683853e-01
1.562816031742262357e+00,1.342886505615541237e+00
-1.494931149709376739e-01,-4.760761189263629789e-01
9.558426428039453748e-01,5.708332256980823416e-02
-5.224050601866737642e-01,3.501233854949293289e-01
-5.121270657702051698e-01,-7.389400569960620224e-01
-1.161209203813128865e-01,2.136173673629420192e-02
7.797182969207274716e-01,-1.042230659771955281e+00
-4.806067072736954771e-01,5.268447788303151080e-01
6.677810002307593695e-01,9.696281523890619425e-02
9.926987795353814370e-01,7.031882937240108156e-01
-8.372494397537452171e-01,6.566171777673224241e-01
7.381606186452777107e-01,1.498113506192212174e+00
-9.485492946200164976e-03,1.878380306305774239e+00
1.897469383756781036e-01,2.239213731227864379e+00
-4.499090281154321525e-01,4.474986676764943216e-01
-1.118461817676397851e+00,1.718457683001203717e+00
1.359817888211907189e+00,-3.636826298771989596e-01
9.368954823984701474e-02,2.088428732993937165e-01
2.441895059367775289e+00,-4.223511257739727687e-01
-1.090235809538387723e+00,9.220791404581993866e-01
1.170231992579285757e-01,-2.236587568469607934e+00
-1.847401964496486748e-01,9.411488370371001722e-01
-2.522237658896482257e-02,4.375769911010104485e-01
1.362458418876021371e+00,-2.143296662163283628e+00
4.669639614455745741e-02,-8.277558572189938624e-02
3.067382185562691488e-01,1.688863749361871613e-01
-7.634448466705092695e-01,-6.003701216172785404e-01
-1.769707876568855365e-01,-7.882035585032909353e-01
-1.329696447937893433e+00,9.853347937792809041e-01
-4.786998761079726272e-02,5.948202478626525291e-01
1.038057292335853754e+00,-1.549660102651752580e-01
4.280327633941240495e-01,-1.806484411191303097e-01
-5.074659686195356345e-01,1.353631949660499822e-01
3.745620957939611029e-01,4.214425558780969805e-01
1.252078150230518494e+00,-9.291105037007307832e-01
2.104640275805503169e+00,-6.417062775344466452e-01
-3.577260056960569479e-01,1.680552602731682499e-01
-2.599395408814526021e-01,5.018597863270013448e-01
7.134684123162301495e-01,1.881609269654903605e-01
-1.199931936547740247e-01,-1.331153712459473004e+00
2.989819388742774309e-01,2.745202813071542236e-01
-2.779911370776017021e-01,-5.212569002591402323e-02
-4.459922528601900638e-01,5.811936365101202373e-01
-7.811444442258470844e-02,-1.553511080344220918e-01
5.707948351769125406e-01,4.762258966891522866e-02
-1.582036280049833876e-01,-4.257039259879502047e-01
-5.633260469002981941e-01,-6.411856351089504358e-01
1.518325338642469102e+00,1.627770502973822531e+00
3.593877401811205741e-01,-1.122248269520400021e-01
-6.969151144000361731e-01,1.070155414472315991e+00
6.198303331656525028e-01,1.471518511053638845e-01
1.785683928121773567e+00,-8.803231406863214481e-01
1.013916902188328750e+00,-6.871090128273846798e-01
7.158600716576307699e-02,6.384863753908178730e-01
-4.455498824373308464e-01,6.433297956433545739e-01
1.940251065359591687e+00,5.072021832134321340e-01
-1.417630313180191282e+00,1.005232722017402186e-01
-4.966184088888416781e-01,9.628770399675925518e-01
1.243232603641692746e+00,1.793978085793523081e-01
-1.707736285129622944e-01,-1.765430231154643259e+00
5.714400737558381627e-01,4.289477284258887413e-01
1.722488582705614446e+00,-8.100051918026578424e-01
-8.402266653921226514e-01,-1.003552263981369208e+00
-1.500303555314911996e+00,7.263518384200442490e-01
1.480315605553901570e-01,-1.658583754978705915e+00
6.588347457914777161e-01,3.853880091964115295e-01
2.981218426647448960e-01,1.225915723379522371e+00
-2.357464543224466746e-01,2.433111741409226675e-02
-1.578141310238391770e-01,-7.530036061728599961e-01
2.521664043656088317e-01,-5.875018871845303359e-01
1.841249819886184413e+00,-5.095657277422425135e-01
8.536610592784463769e-01,-4.560803966263620723e-01
-2.315906353475780943e-01,-1.623803097956487695e+00
-4.431249263506851777e-01,7.276728210196030666e-01
-4.211748572572831528e-01,-2.346123108687065417e-01
-1.121059630112266614e+00,9.453632059782144381e-01
-9.071700288648850696e-01,8.532781519728278585e-01
1.005716539200033760e-01,9.064615419557717768e-01
6.096651390805797321e-01,-3.109138403599899236e-01
6.812870035006424185e-01,-1.030489710064397491e+00
1.032066498594580661e+00,-6.838872020916231254e-01
1.619886570905501255e+00,-1.809199643621621778e+00
5.324039916833539499e-01,-3.212591883081063193e-02
-2.191689082517831455e+00,-7.986082871181701126e-01
5.829123376548382973e-01,-8.120990128435845445e-01
-5.847471615748425777e-02,-2.614875148307436170e-01
1.269206098704157570e-01,-6.932620191854128588e-01
4.890112778028282148e-01,-1.170804189757929104e+00
-1.226781003443123463e+00,-9.787466874087185076e-01
-2.892300637426962195e-01,-6.393366702621945397e-01
-6.135418044745385435e-01,1.197606755505337128e+00
-2.315505099881121076e+00,5.784151549487930311e-01
1.064690353880032969e+00,2.204080126427000741e-01
5.784257977658813221e-01,-2.339602302941219403e-01
-5.706584471081656285e-02,7.472447933518420182e-01
3.326066267176843727e-01,2.782914665458642300e-01
-7.339507244658340923e-01,2.735170447781538616e-01
-2.031618114712911538e+00,-1.117578983723682029e+00
-2.369501147451054390e-01,4.645277788093198912e-01
2.284954933915970821e-01,2.019859763846645062e-01
-1.470736711135162578e+00,1.206909510794532903e+00
1.566344291817898915e+00,-2.176063910107629562e-01
-5.732992183358798233e-01,-3.699947082448306057e-01
-1.067370064317986422e+00,-1.508324642944859129e+00
-1.072899291411169687e+00,-4.589444580622719649e-01
1.394544313948251624e-01,3.542232256333114337e-01
-1.710795949381518355e+00,-2.171368675373051449e+00
-6.682961211027379500e-01,2.782518776333979815e-01
2.390698525872889946e-01,1.514090741828536313e+00
-9.944312920707473191e-01,1.382457402336240593e+00
2.049868741465434574e-01,-3.640682915550162435e-01
2.158572595829412410e+00,1.513106665877909096e+00
-2.398852729680639451e-01,5.351791206985403448e-01
-4.552193485522133543e-01,-1.779757406791633301e-01
-3.299065481498189012e-01,-5.915341382303833662e-01
-2.661723007569530980e-02,1.892093012033427279e-02
1.028946164162655386e+00,-7.485520597820358724e-01
4.010155395298246050e-01,-1.012972159817877804e+00
-2.053833444714392720e-01,9.574549623178049002e-03
4.769900864348729230e-02,2.593479185612269866e+00
1.086805503237696868e+00,1.587105010220048795e+00
-1.200659258398203283e-01,3.711141777513808360e-01
2.876397454844910606e-01,2.181008611297170774e-01
1.476995758225335686e+00,4.235910583386373607e-01
4.130768159363995551e-02,6.129586711474566130e-01
-2.229981567981672574e-01,-2.074628955960524213e+00
4.416759575231596902e-01,-2.862815595261961832e+00
-4.449234994723345049e-01,9.542329736363966419e-02
1.430066467658031248e+00,-2.929182183277661555e-01
5.239536908110398183e-01,-1.128869883851114864e+00
6.708855964699446117e-01,4.731055547606789480e-01
8.552126877694572471e-01,-8.174526284806129528e-01
-3.856864387303606811e-01,2.173071605944790485e-01
1.344039233030204505e-01,1.112589158145341317e+00
1.742016074822358151e-01,3.196300941396514328e-01
8.613732591948344286e-01,1.317589922707049777e+00
-1.197878301721895467e+00,-6.957698305671242700e-01
1.310131944342361576e+00,-1.224218261060308288e+00
-2.768808594287157643e-01,-8.958638590934300261e-01
2.790794306631996236e-01,7.484089145973218393e-01
3.450482345645288773e-01,-5.123685825260180238e-01
-3.282627281173004508e-01,-1.038981612239841257e-01
1.729708539957878877e+00,-5.896836265111156106e-01
6.293037734439140829e-01,4.708898505742499241e-01
-1.013219569010263221e+00,4.785036253327948352e-02
-5.233744259889749895e-01,-8.748025111395172360e-01
-1.279009066766368941e+00,2.651770477401312887e-01
-1.332349166307059019e+00,1.190487768166949678e+00
4.367980372146223478e-01,1.216672333547967222e+00
6.008296483386527109e-01,-3.125746625675083767e-01
7.440106179361168082e-02,-4.941339710657465800e-01
6.905415872794150589e-01,7.996201170823518112e-01
-1.242483547873181049e+00,-1.511658290088705225e+00
-2.013932954434755285e+00,-1.112485054117067218e+00
5.790922104421831751e-01,1.662983740796241394e-01
1.497492734110020596e+00,-3.596282448686163313e-01
-7.508633441124129559e-01,1.099390413893802876e+00
1.022312147446578168e+00,1.395793347920728289e+00
1.224854252366189833e+00,-3.857847926855303977e-01
3.052141641779954409e-02,5.060106602315261881e-01
1.719304566825074154e+00,7.804862591424934770e-01
-2.886036522383318981e-01,6.274889276763868651e-01
-7.007174456699103438e-01,8.145278589627080734e-01
1.058776826325622977e+00,-9.729782173914920396e-01
-2.251267031626169590e+00,2.956476652668721949e-01
-1.222456406485597918e-01,-8.383521766170580758e-01
1.204188978763249152e+00,9.974937732111648359e-01
1.440574404559607169e+00,6.818376387901576852e-01
-2.586564333686436346e-01,-1.297179941031693318e+00
6.471155111145601158e-01,1.098641985101540541e+00
1.145720740068173038e+00,-1.572025294109715920e+00
9.108962412252779028e-01,9.662132202287623262e-01
-1.868230187987136304e-01,-5.596413902969317178e-01
-4.733557187797828858e-01,-9.595822139677563367e-01
3.691192419648443024e-01,-2.565664779157380559e-01
-1.487076809274556766e+00,-4.585686183274509387e-01
8.155885198394663416e-01,-1.016225500693304307e+00
-7.172106124072760158e-01,1.738952691197413747e-01
2.038905349823929125e+00,-8.268211108092460293e-01
-7.595815201022328989e-01,4.995972275919730587e-01
1.144132929335368587e+00,-2.709860617428002660e-01
-1.644921381074279654e-02,-9.000284723016398480e-01
-4.962914337464330305e-01,-1.470477315928530870e-01
6.910955632133091164e-01,-9.338697138956337795e-01
2.698922342473181746e-01,-9.904446392525019238e-01
-1.768752856138799512e+00,7.053995842958620255e-01
2.476451851853069264e-01,5.381149161157110505e-01
-1.278126244927471344e-01,1.592284787497793674e+00
-1.473607060484660947e+00,-1.246184405075033919e+00
7.809754554508517854e-01,-1.646123563006827384e+00
-1.072352340359149503e-01,5.664208116001461235e-01
6.951826387906866189e-02,6.267844256519152779e-01
5.349320024709761645e-01,-1.370020571232685613e+00
1.169980649281339158e+00,9.507740328775915462e-01
-1.991129453341609068e-01,-1.011739088158530642e+00
7.042020031530722424e-01,7.616661330955669662e-01
-2.794195272792377782e+00,-1.899567838047049539e+00
2.948859101510108993e-01,-1.911585689260306420e-01
1.612819638695323909e-01,5.615066742939024691e-03
1.238441794602857145e-02,-3.239706230011274446e-01
1.070837083718148230e+00,4.387547029687647315e-01
1.494365091370647713e-01,-3.692019086114457505e-01
1.265000102138714444e-01,3.584511599878442922e+00
1.331949158051806137e-01,9.135990925871435575e-01
4.926998804453043834e-01,1.435173177446911197e-01
-9.684019603966651513e-01,-1.922121373986605652e+00
-5.387133150330384312e-01,-1.091845843857277343e+00
-1.319513092187007269e-02,6.568362637426428119e-01
1.448306764721643547e-01,-2.659052473522147131e-03
-1.851124194868954964e+00,1.370334484681828391e+00
5.913923032882599795e-01,-3.429300529761691307e-01
1.237827819410048047e+00,-3.273613049720303092e-01
1.722318674253596527e+00,-3.957015952970435735e-02
1.025824103875687898e+00,-2.276387137967461616e-01
1.590680962083804939e+00,-1.169473832176410877e+00
-1.046656487805617264e+00,-1.275652812795886604e+00
5.869842053706711971e-01,-7.908530901665550283e-02
-4.860231931124981419e-01,-1.034991307787737735e+00
1.487130789404944031e-01,-4.907587433091301077e-01
-6.589003077850826839e-01,-9.666273853105672442e-02
-6.805817314398603102e-02,1.922349513932174014e+00
5.721500971023871784e-01,2.090712898452208535e+00
-1.045218691408614925e-01,-7.439585288265531116e-01
-1.374805875530327404e+00,1.420452496412005106e+00
9.008712726880935273e-01,3.120240969316448454e-01
7.804370746241978685e-01,1.307384430378249807e+00
2.940042568142426926e-01,7.132713745282830420e-01
2.640443962772536235e-01,4.240781863315715161e-01
-1.091603151946283878e+00,-2.799817525024339560e-01
-1.529782592817968023e+00,-1.485223960217299799e-01
-1.128144557386184577e+00,-2.376203281814008417e+00
1.389025700078625247e+00,-2.473132431875775694e+00
-6.090006856015864889e-01,-1.305178460102551785e+00
5.955868115737847912e-01,-2.304193230606177978e-01
-8.971156927156800354e-01,-5.554660890360142711e-03
-2.577914449121780915e+00,-1.585571268299743819e+00
-1.395223508477232421e+00,1.310550935097247516e+00
4.182695127813062519e-01,8.768092406282212981e-01
-1.259019144588800376e+00,-2.099990736385028534e+00
-1.280493033694656946e+00,1.040771608416696248e-01
-5.295247799304896308e-01,-3.085169321957179078e-01
2.115988626277295115e+00,-7.777908387541647706e-01
-1.396763661381071886e+00,-3.742873485424701441e-01
1.930692344460744614e-01,6.882458021474093801e-01
5.196396523007829060e-01,1.543897653661547853e+00
1.175781661948891443e+00,-1.523510528371254225e+00
-3.987906447171509772e-01,-4.830074521945115218e-01
5.834644431698742251e-01,-1.752019297096809369e+00
5.828216907200524100e-01,1.599426269774299580e+00
-2.125285682409046917e+00,-1.174962972903557112e+00
-7.852701201993970148e-01,-5.466539191668058351e-01
-1.008857933792927986e+00,-9.635880490840872947e-02
5.779362396819708314e-01,-2.337075324040941648e+00
2.868488509116434715e-01,-1.860112690665107316e+00
-1.792594112361871828e+00,2.763446009180092755e-01
-1.530485305302708099e+00,8.637204536974396607e-01
-4.940292711682253146e-01,-8.386716404769982702e-01
-1.975086510300010922e-01,5.098021861233943408e-01
8.700330965142433204e-01,-2.601427011328270589e-01
6.015435352632790833e-01,-8.540090760372913703e-01
-4.654943044652706252e-01,-9.108103043888984840e-02
-3.641313397529801210e-01,-9.068087392923158685e-01
-4.834328973818914355e-01,-3.286290749910906750e-01
-5.099186012685105185e-01,8.624453164880296896e-01
2.118666532309800565e-01,-9.129546988521257678e-01
5.628106064802913533e-01,2.166901934380097150e-01
1.177919390306509939e+00,-8.676915082264040346e-02
-1.021445348283706478e+00,-4.261495281919606692e-01
1.172199241178279339e+00,7.650574682886093214e-01
6.625735575755439255e-01,4.050848049884289703e-01
6.121531962741654648e-02,-9.710374811502975323e-01
1.286574426330457488e+00,-6.860539854457423647e-01
-9.845768671146286344e-02,3.658049950536518269e-01
2.890322372242716931e+00,5.078747029320224149e-02
-8.024436609178568075e-04,-1.270919102180023019e+00
1.018325159333041352e+00,-5.588999714770872540e-01
-9.257648614563788181e-01,-4.414572779653154200e-01
-1.535855407795957861e+00,1.436609443129767127e-01
-1.284760633132872476e+00,-1.572008863210421881e+00
-9.552629230051095099e-01,-4.029652138477923251e-01
-2.058925993370535945e+00,9.289018066966336917e-01
1.938052263873777520e-02,-5.349050801057388949e-01
1.936112813029469359e+00,1.635378261581517556e+00
3.441045198013963802e+00,-1.280358937402540143e+00
-6.053048122986008917e-01,-6.480052922323440434e-01
1.566922394544660202e+00,-1.576473566523521441e+00
4.896430542630055005e-02,-1.509305528383998174e-01
7.183533148281476821e-01,1.413423277881238893e-01
-8.027657361969106065e-01,8.808927742702699071e-01
7.112406873851258027e-01,6.126413161944412877e-01
1.748756027961957671e-01,-1.052273315031780232e+00
-2.032670955264671342e+00,-9.682697216531585549e-02
9.066862689700156547e-03,-2.548442597692796019e-01
7.560762252197934519e-01,-8.714841716135239835e-01
-8.442156940173392576e-02,-1.249179237603616599e+00
-9.424642551229887866e-02,-1.029772026655954242e+00
-1.165859181344736539e+00,-3.161490978436012345e-01
8.673971451830562174e-01,5.233953245043547753e-01
1.063479120604968964e+00,7.952010491424585936e-01
-2.965413629920526262e+00,-4.295313340220119347e-01
-1.601568434206299824e-02,4.402913720842021594e-01
-2.670707011932157648e+00,-4.832634889412928403e-01
6.349234674402592926e-01,-7.382455718902367625e-01
-2.844142296269594472e-01,3.948164614422042251e-01
-1.828118094859351395e+00,1.587637214882840819e+00
1.349402143556797773e+00,1.143822533993916896e-01
-9.191744765429910036e-01,1.568770036800908874e-01
2.640666113601181642e-01,4.450602237343553313e-01
3.028825111305767925e-01,1.414053582922966346e+00
8.659864804898202983e-01,8.332029746627789280e-01
-4.583680459924439621e-01,3.397284338279126792e-01
5.548434797912475958e-01,3.760376603122342898e-01
4.564686412157978879e-01,-8.783036386925704986e-02
-5.039117255599430134e-01,-2.211710789244229480e-01
1.014433745564489397e+00,2.689629702852425197e-01
-4.438818764988480825e-01,-6.751201494949896631e-01
-9.459469827540267772e-01,-6.549456323899982557e-01
-3.937933241211164503e-01,-1.332207179574917078e+00
3.107390962643915011e-01,-4.635306315410749889e-01
5.413519487688567278e-01,-1.119704112010442953e+00
5.110762154705745797e-01,-2.109018807661232897e-01
1.333315912073828935e+00,-1.162853249005733947e+00
-9.572458641208483332e-01,-1.362127143669841001e+00
-1.896933045387520833e+00,-1.009093762604904854e-01
5.321032121579218899e-01,6.606474852130757025e-01
-8.209213810134384781e-01,7.882245405662313686e-01
9.445175591447666497e-01,-1.519814311582883271e+00
-4.092530650234937895e-01,-4.516987571707919424e-01
-6.764735553074706642e-01,-3.585146154226976911e-01
5.567978041027503711e-01,1.077446773053184037e+00
-2.119136974078205782e+00,3.185454262579366924e-01
-5.981770767050429427e-01,-7.968529773546209061e-01
-9.382682093390040112e-01,-9.185400559043956914e-01
-2.241155498585766903e+00,-2.240181727509326093e-01
-4.700183031248330034e-01,-7.220227849054918767e-01
-3.849691761372199261e-01,1.983700670713440528e-01
-1.118851408600574748e+00,-7.130498569856305036e-01
2.181046195224233264e-01,-1.110031133292959993e+00
-1.160695955760691955e+00,-4.875788543351544102e-01
-8.363396262921758417e-01,1.430457910885212458e+00
3.769804216467789737e-01,9.794374188802452696e-01
-7.980172767734404760e-01,-1.485083535189668069e+00
1.380457130062263893e+00,7.888624735101523733e-01
1.651702588588182197e+00,1.033664776956270348e+00
-1.126272017279789539e+00,1.458729625125926743e+00
1.945989556896505546e+00,8.303215506755112774e-02
6.325529318025393533e-01,7.944205871094409677e-01
-5.018287577308978564e-01,7.722786808779620316e-01
2.143015785467247136e-01,6.039745897347388315e-01
1.144534952084919510e+00,1.272409167536643904e-01
6.456920897792896019e-01,2.389943869873742688e-01
-7.309488667009016449e-01,-6.121561505403940728e-01
9.689567198818858085e-01,-3.134191614759543332e-02
9.177542017471699287e-01,1.466797040513534878e+00
-8.920502168491728501e-01,-1.072200785937171830e+00
4.645380018988236603e-01,-4.083672001841540666e-01
7.096703131025289268e-01,-1.169634906304979571e+00
-2.792618112379073869e-01,-5.247614038718095841e-02
-1.929605077571633132e+00,8.919038523492892612e-01
3.925493644788100034e-01,-2.144817656724354871e-01
2.484746838099403388e-01,-3.808825556156139602e-01
1.471704930237455855e+00,1.126032981286477552e+00
-1.976930505408196925e+00,-1.256531204637960419e+00
3.732383066868312782e-01,1.221362447422995157e+00
7.828403468639624219e-01,1.858310370819175883e-01
7.781101810197516011e-01,-8.422413041839635905e-01
1.489918069012138302e+00,-8.341172716225571104e-01
2.916366315835390299e-01,6.647334293741109512e-01
-2.180205135108039538e-01,-4.989989449292790702e-02
-5.077061466595199635e-01,7.318073204542425714e-01
3.818795011864049571e-01,4.976288993014522100e-01
7.498669514697265948e-01,5.955537055352957410e-01
-7.852721758019950427e-01,8.885382846264018308e-01
1.260351371194097236e+00,-4.334479952515120360e-02
-1.195942784929995950e+00,-8.085134899363970451e-01
1.537028018709896582e+00,2.280734299280877675e-01
6.437226193937856111e-01,-1.025970515299245323e+00
-1.181644137180660081e+00,5.163188763935435688e-01
-1.032829172763932934e+00,-6.415009653229988285e-01
7.187842304588226705e-01,2.243123046741129223e-01
-1.523396476881090089e-01,8.892072338154335398e-01
1.766679036910826728e+00,1.111312997045773798e+00
-1.925611026467116016e+00,-4.327063602307306134e-01
-1.077599014325741622e-01,-6.815125238384778239e-01
7.960100143268067363e-01,3.744751261507388573e-01
-8.923952663464847224e-02,5.035624257456374764e-01
-4.717914615748135948e-02,-3.074023236010160476e-01
-5.138506541823558704e-01,3.749135744248207613e-01
1.644135229633503892e+00,-1.639370160087618988e-01
7.657871869850160773e-02,-7.659922566324681714e-01
1.086755880871729918e+00,-1.872447026049258167e-01
1.316679907944485750e+00,-4.826977635617681339e-01
7.394933099264289211e-01,4.099000943900834582e-01
1.281348579826143419e-01,1.249007784332063720e+00
-8.772031060903238142e-01,-7.978145968574348323e-01
-3.171707442940508992e-01,-4.688293611666172755e-01
-1.475026764527342493e+00,3.982965182954826822e-01
7.296819487700825224e-01,-5.053569974527187814e-01
-6.402233952055438881e-02,6.799779503052334473e-01
-9.732642586928750283e-01,-7.815189467569227943e-01
-1.439614815934051051e-01,-8.519644245878363886e-01
-1.341107019037147019e+00,-4.637115435180271805e-01
4.451869759614091593e-01,2.853507307140574698e-02
-3.092397703049772906e-01,-3.835565675699464938e-01
1.105499061095908564e+00,-6.881345198449948519e-01
4.559406622833855893e-01,1.550650823294680847e-01
2.093384697305997744e+00,-7.108009065571090357e-01
-9.186501085427424274e-01,5.723996873866732393e-01
6.470576441929191125e-01,-1.314442089444322614e-01
-5.707226161004076426e-01,-5.149145565132431379e-01
8.521357924405973394e-01,-3.289709605036669759e-01
3.024975620510665375e-01,-1.419011784138032750e+00
5.371334180999527419e-01,1.639357968757316986e+00
7.107498250689129327e-01,-2.197259067901433660e-01
-4.111460484302371654e-01,1.499916871488818693e+00
-5.680411797805584584e-01,6.676673618127901833e-01
2.117314820136222131e-01,-1.527895124803292370e+00
-6.240654007343934828e-02,-1.249797561620244357e+00
4.297655905555873845e-01,1.377658447106093309e+00
1.298644317002327186e+00,-7.676252287456055701e-01
8.149404047710172572e-01,-5.953632638913377573e-01
-5.054449046626020570e-01,6.075059710296748516e-01
1.654289853163362356e-01,-6.005295097354845790e-01
-1.358851841882151856e-01,6.086277959233483692e-01
-2.234637042552835018e-01,-9.484932532055132537e-01
1.581487101059545930e+00,-5.170010525290220649e-01
-2.758955990987657092e+00,-1.041073715363484364e+00
3.017669790852505196e-01,3.610420613558223413e-01
-3.864398023125959480e-01,-6.043744552043288643e-01
-3.598451537958545221e-01,-2.396716264307275357e-01
1.786701858322374548e-01,-3.979760526466221693e-01
1.421700593961195747e+00,-1.878247734375970257e+00
-1.175509898464973446e+00,-1.807024377261906123e+00
-4.827577389011840636e-01,3.893810562890186872e-02
3.041240731509708972e-01,9.704884432113334292e-01
-1.021444969440873818e+00,-1.000468318757838371e-01
-6.701487579792152482e-01,-3.127689833222216387e-01
6.919262655304048160e-01,-2.704452749195661587e-01
3.108854433634149483e-01,-3.827886461255196604e-01
2.650719075865545227e-01,1.688228287379375248e+00
2.170360917678519075e-01,1.571689542030579867e-01
2.332097204216758701e+00,3.323892772894544434e-01
-5.722311941233662047e-01,-2.940648407816079390e-01
-1.820524735237070368e+00,1.635617209641447412e+00
-6.020425800540475658e-02,-8.267506050615083257e-01
-6.828696937628683794e-02,-1.177302900119468587e+00
3.668832257202719327e-01,7.572908697560778446e-01
-4.280847859916782072e-01,9.094613570539977765e-01
-1.086990989546053887e+00,-1.713912054922081651e+00
-9.642046025255114339e-01,8.019524173426912927e-01
1.114156814506752191e+00,-4.064352867848983752e-01
6.571818563140813252e-01,-2.066164867655691406e+00
1.011640620252381023e-01,2.747581172831626770e-02
5.003248136325075812e-01,-1.445895723554034618e+00
1.255231784670727713e+00,4.990612003937167085e-01
9.003835680668871300e-01,-5.456030175384989356e-01
-1.680123335804363016e+00,1.526381422761154474e-02
9.755563200904238119e-01,-3.052287901089045241e-01
-7.531723152147069555e-01,1.149344295362032087e+00
6.567485787139646369e-01,-3.083788468637078117e-01
-1.428067052874538279e+00,-1.890252530053906643e-01
-2.005233966460095552e+00,-1.245603488967818695e+00
1.118859805698671078e-01,-9.221736433662013344e-01
1.902209818310586442e+00,-1.537582237453122835e-01
-8.126723731824104791e-01,5.488707826604268813e-01
3.083341924049652905e-01,-9.382233854051177935e-02
8.217304436553175551e-01,-1.780519503105492674e-01
2.475959960782895930e+00,-2.010763725949754832e+00
-1.085296595940907327e+00,9.783398563726057873e-01
-1.597514015510755891e+00,3.313641800429811268e-01
-1.867184508289097822e-01,-4.754341980568104753e-01
9.957665568189552063e-01,5.903384119282790721e-01
7.547757880334480252e-01,-7.510585154865341562e-02
-2.937146640414679766e+00,-1.263308267811301011e+00
-1.439315249071897895e+00,5.445953317857850084e-01
1.509218966921746397e+00,-1.684682927662655594e+00
5.396563101383854422e-01,-6.903834222120457387e-01
5.897808235810527572e-02,-4.337731461054959714e-02
-1.939449119771894103e-01,-8.645003075670787407e-01
1.392389024334879100e-01,-3.260416438061732314e-01
1.486173428560123133e+00,2.195265516591853386e-02
-5.029442865829317766e-01,2.431657573260617433e-01
-1.076779847382006050e+00,2.610876031548712284e+00
6.141205149193622592e-01,-1.606213818264237148e+00
1.576658850243480847e-01,1.028458377073794422e-01
-1.782440476718382127e+00,1.904621360928268614e-01
1.836192388514720664e+00,-1.013555225056480769e+00
1.187010616118307826e+00,-1.129635632409375368e-01
-1.511747498021932312e+00,-1.360633780453101460e+00
-2.057798567570142123e-01,2.825526460299139786e-01
-8.067075355150785665e-01,6.950176802930718711e-01
-1.305649461522808696e+00,-2.691655471884346618e-01
9.686864142325699589e-01,8.634536409431228243e-01
-5.915439577157747264e-01,-1.084922453469459258e+00
-4.484084302414451662e-01,6.737339038287373238e-01
9.674578351778111429e-01,6.064203705889557039e-01
-8.884483322834515473e-01,9.774167696410469564e-01
-3.129160404084090595e-03,-1.076912770391818874e+00
-9.396475974086659910e-01,-8.028644467045078503e-01
3.376342049619383001e-01,-2.084305016892282314e+00
1.001762268066291650e+00,8.897235548209694311e-01
2.075760137370657343e+00,4.210817996731185953e-01
-1.336034471584254466e-02,-1.057406432352623105e+00
-2.489927626589537368e+00,-1.002504360129970129e+00
3.552843404772977332e-01,1.604061762750897069e+00
-2.464753755215403075e-01,-6.900751039637340600e-01
1.659294251156873568e+00,-5.159645727004569249e-01
1.328047585903006089e-01,2.270089512521609315e-02
1.220492525052258026e+00,-3.502039988937485360e-01
6.325465358584111408e-01,7.919306201616020946e-01
8.561010092540477512e-01,-1.908543908585185189e+00
-1.209975586513259538e+00,-1.837582842297967867e-01
-1.421579888376236500e+00,-1.042940662226832238e+00
6.243877627509271389e-02,1.409311047695597507e-01
-2.196425906392015029e-02,7.709503889520759046e-01
2.158402941672047104e-01,-8.273375063112182737e-01
4.720373937474983683e-01,-8.552880646223408601e-01
1.351781661302488280e-01,9.673026206099601954e-01
-1.129032734745798461e+00,1.052486233347837086e+00
7.338222151451970765e-01,8.385988217316500126e-01
5.614551621774411805e-01,5.020427703828749255e-01
6.650045827776615015e-01,1.432730354518101157e+00
-1.713556574104522667e+00,5.977995842686363304e-01
-6.270085919146557440e-01,1.208333802886980779e+00
6.535292648232510215e-01,-2.280203337673538666e-01
-1.210202625564880785e+00,1.495504464038221182e-01
-1.093336259995821180e+00,-3.837785995416647111e-01
-2.239788429871278352e-01,2.182684977360750178e+00
7.962493089585992445e-02,2.477014928307548769e-01
-3.880077066351386161e-01,8.063133165529039192e-02
-5.661006170746856192e-01,-1.515556405547045404e+00
4.431660923105507077e-01,7.739793183870873339e-01
8.591077539766969196e-01,2.695057600245457596e+00
1.426719414490379700e-01,5.509663919239593532e-01
-1.549892148649853141e+00,-1.079132659245162773e-01
2.616471268539937722e-01,9.313203173915312050e-01
7.450273906809347091e-01,5.434909235397404614e-02
-3.959348067510526925e-01,-9.039952030414803996e-01
5.594333722306649159e-01,-7.738673834673133189e-01
-8.455197151693069069e-01,7.774248281487277090e-01
9.282780837032262866e-01,-4.259684102751888357e-01
7.744608744959304847e-01,-1.838817778823558680e+00
-1.673316198918354480e+00,1.637427179497667806e+00
6.467495822325652899e-01,-1.292392102215122129e+00
6.247335436230800898e-01,6.735005405186731409e-01
-1.803423186439893744e+00,7.159224933893582055e-01
-1.484548885431012488e+00,-2.126456762374567128e-02
3.387606842546502794e-01,-5.294212007436920331e-01
-9.791881387909896484e-01,-4.843411524958181613e-01
2.716807372508794893e-01,-1.946988046818255880e+00
6.949072848196035102e-01,-1.089927407176817686e+00
-2.509901531590219559e-01,6.172131909685492079e-01
-8.289239960065053481e-01,-6.674900279897630906e-01
1.275982413467668719e+00,7.055542925276996058e-02
-2.430826994297542176e-01,4.203787346910812794e-01
2.157113294285482485e+00,6.582837666931109499e-01
-1.000046174141856703e+00,-1.699406589824554947e+00
-7.672504720960658942e-01,-1.208288448900799894e+00
1.131822802705136022e+00,1.322925687348037060e+00
3.697807719596257203e-01,8.704182820002466237e-01
-7.991521149189538820e-01,1.354840479879975135e+00
-2.021110155929512153e+00,-1.028612091951076613e+00
2.492227761862776322e-02,1.359837604475001849e-02
-2.604559096681240971e-01,7.248572744451453609e-01
9.736736788715759650e-01,1.223822925158458919e+00
-1.002645940951818693e+00,1.101520197913180343e+00
8.039373865895585447e-02,-2.363159233743571952e-01
1.080299544018898272e+00,-7.189553986818522091e-01
-1.178448493393858681e-01,2.582122068445796281e-01
-4.499484048768461197e-01,1.807866744198265208e+00
-1.514704007343556480e+00,-9.744048083331267041e-01
-4.617206112386247896e-01,-7.134160969269303099e-01
-6.970661295435141014e-01,-1.772502163809210884e-01
8.739222249505803619e-01,4.716269893865709384e-01
-8.450272183377569024e-02,2.352980393583187224e-01
-1.443981848564446502e-01,1.253438824354509151e+00
3.601987943455989272e-01,1.354425281158869065e+00
6.596747474787576504e-01,-1.160475442842198834e+00
4.268870790967543294e-01,1.030777763077806997e+00
-4.801560224766047713e-01,1.048965529446122869e+00
1.061634720464919690e+00,9.011970773096849019e-01
-5.007199138159448282e-01,9.096701914947935563e-01
-1.366385535681098107e+00,-1.606921904038060900e+00
-1.497923915895476021e+00,-1.224041965734449455e+00
7.221513709153026817e-01,-8.561450729719013997e-02
-6.229799501674488926e-01,-2.833704942969315632e-01
5.890865994525810306e-02,-4.460246936616917290e-01
-1.086230726416419934e+00,-1.655957609164478150e-01
8.217541455463479583e-01,7.488025005824336944e-01
-2.458728692568291629e-01,-3.563688929196074939e-01
7.343308549496314619e-01,7.707260460278140268e-01
-1.524917809957348824e+00,3.938810837012988730e-01
3.009781547407556213e-01,-7.949390608639080036e-02
2.757276164769030813e-01,-1.120168417189141841e-01
-3.437087926586279152e-01,1.191050827140485380e+00
8.328637277244952397e-01,1.081515131698625121e+00
1.483842211703803038e+00,2.544708676724131147e-01
1.514548067097235995e+00,1.256384794424687534e+00
-7.159287723833525074e-01,1.145043116186729992e-01
1.900834359738590162e-01,1.611735917477064683e+00
-2.265703879323337222e-01,1.516142239312481821e-01
2.908440000561276495e-01,-1.043129984679825206e+00
-1.761703822043078738e+00,8.703863823222361962e-01
-1.820059729170864782e-01,-2.037244805130067060e-01
-3.264936906064706545e-01,1.564103822382318709e+00
-2.543963228423472278e-02,1.080149038808209117e+00
-7.882000629394305680e-01,2.349309452165124767e-01
3.980974704627373434e-02,-1.127961901280434720e+00
1.400834176689997435e+00,8.868846213632299857e-01
1.583176451959466546e-01,-3.253242626427658157e-01
2.345966563301667973e-01,-9.311374957668079322e-01
-2.367565644922956791e-01,6.597512027274283763e-01
-9.422228981984274165e-01,8.231063143755030787e-01
-3.520210978959619763e-01,-3.692344702312981286e-01
4.942442238785388353e-02,2.350831770190934922e+00
-6.755277298040255340e-01,-6.075398927524231496e-01
-8.218153430403951631e-01,1.316498229742009696e-01
-1.273905324404852157e+00,7.999602259772538027e-01
1.279557144236901367e+00,-7.503169944435139627e-01
1.110810025589232808e+00,5.942061424824052196e-01
1.809125758134646267e+00,1.955588914963744540e-01
6.718985750946330215e-01,9.400941795430040049e-01
-3.188031862127921334e-01,-3.007391934095500485e-02
-1.001441248910410531e+00,-6.300190884565741722e-01
-6.236403156568167683e-01,-1.419578316837690091e+00
1.379691814282770324e+00,1.609049249365172907e+00
-3.309398619923094031e-01,1.996947065099291263e-01
7.745576697298673929e-01,-4.692752015133908050e-01
-2.151296111773410014e-01,-4.547441191524569104e-02
-7.620148901594579749e-02,-7.864545516531331604e-01
-1.005007382978023278e+00,9.843118466310372128e-01
1.932665773361539330e+00,-1.457947954696553916e+00
1.476572531534572574e+00,7.834494679001702266e-01
-4.331172625125477293e-01,1.337846225671105005e+00
3.308653169524983784e-01,3.506411816024584960e-01
-5.779099266351216402e-01,-9.303360582014059688e-01
-3.542215516622386207e-01,-1.391101762077384452e+00
1.010254679817580215e+00,1.498147411681489904e+00
1.439400850819652744e+00,-5.084120424651550341e-01
2.111100195106115074e-01,3.196959789172685862e-01
1.334094193333472900e+00,1.009076498361037855e+00
-7.112698503089735780e-02,1.098102165195495417e+00
-2.092816771177230084e+00,1.336016699889865933e-01
-1.367350659235566090e-01,2.908756878692453363e-01
1.362210150318833080e+00,2.530740596946400300e-01
3.795677194922809083e-01,2.029234281093754255e+00
-1.312069330389465271e+00,-4.725354389572059000e-01
-1.958419949183897169e+00,2.230869638335575278e+00
-1.348044562842882099e+00,-1.875490453450958384e-01
-1.735954545290931073e+00,-5.331136653194759600e-02
-1.294142854335300408e+00,-1.564450987439062857e+00
-8.312249300006167019e-01,3.759724806086967575e-01
-2.384061697422003689e+00,7.230690074277710266e-01
-1.378788265596736728e+00,-3.811060624998439117e-01
5.179084945458019007e-01,4.689929155959555729e-01
-7.592754495113379631e-01,1.179032083862095570e+00
5.427823700364002857e-01,-2.695461559768412840e-01
4.915841789338802337e-01,5.213790632841922568e-01
